Ter119,CD45.2,Ly6G,IgD,CD11c,F480,CD3,NKp46,CD23,CD34,CD115,CD19,120g8,CD8,Ly6C,CD4,CD11b,CD27,CD16_32,SiglecF,Foxp3,B220,CD5,FceR1a,TCRgd,CCR7,Sca1,CD49b,cKit,CD150,CD25,TCRb,CD43,CD64,CD138,CD103,IgM,CD44,MHCII
-0.10865415,1.408508,-0.0907983,-0.0101028485,1.4918289,1.3115941,-0.015352512,0.1448962,-0.041612104,-0.085900806,0.8041672,-0.12335009,0.17665468,-0.13818529,0.3837068,-0.022253912,4.0312605,1.6582255,3.151239,0.065006904,0.6148896,-0.10562478,0.06298211,0.16877486,0.7011259,0.01505254,1.3206829,0.575278,0.19806546,1.0099709,0.18240169,0.10066471,5.7215867,0.8232804,0.10152954,-0.03135053,-0.04920754,3.3600216,0.14865223
-0.13658404,0.3853525,0.18922468,-0.13584189,-0.14589186,1.4223963,-0.12640712,-0.0983676,-0.017080754,-0.09644117,0.28314903,-0.15285222,-0.09701562,0.4219768,3.3304791,-0.03365702,3.1921165,0.5054959,3.4362276,0.66378975,0.50290745,-0.0031721245,0.8285692,-0.07296344,-0.101167835,0.1365177,0.023895891,-0.03397279,-0.09027735,-0.10870177,-0.12409473,-0.041708525,0.48255286,0.6126746,0.22195151,-0.10842541,0.39402565,4.005096,0.52678686
-0.059333164,1.7997038,1.2679998,-0.14414045,-0.14605306,-0.07064983,-0.13381344,-0.15065636,-0.104199454,0.21037517,-0.019965637,-0.032798603,-0.017149875,-0.076033376,4.8669553,0.50770473,2.6683252,0.1325345,3.6754081,1.4531938,0.28909144,-0.15081596,0.03321924,-0.08715106,0.11188232,-0.017786779,0.23693684,0.055126507,1.4192433,-0.0461773,0.06244335,-0.013164768,2.4937923,0.5817308,-0.12207721,-0.1228001,0.032649696,4.5221496,3.0288002
-0.11009325,1.8107175,1.1702032,-0.073800966,0.05635457,-0.10861395,-0.0011555006,-0.0639269,-0.055767436,-0.14791657,0.3594187,0.18218692,-0.1532769,-0.033370584,-0.069338135,-0.0581616,-0.0065442985,-0.006801761,2.1173441,0.2992085,-0.10949787,3.608424,-0.12648223,-0.15166306,-0.039686564,0.35400167,0.21736614,-0.15399896,-0.05160957,-0.030304631,-0.12035099,-0.040984474,-0.05359962,-0.14203988,0.009479272,0.062294368,5.110682,0.57252944,3.6765
-0.14924254,2.062939,0.026913574,-0.1417058,-0.1481685,2.0547602,-0.08801095,0.012886629,0.48578843,-0.09454828,0.36203596,-0.07442321,-0.075783,-0.003459135,4.446269,0.17410742,3.9156196,0.19335656,2.9723084,-0.05319004,-0.047527365,-0.09531028,-0.024340957,0.106938094,-0.046609517,-0.15213314,0.115013875,-0.15194356,-0.15350282,-0.06671948,-0.024372809,-0.0691216,0.04409539,2.7926278,-0.041664906,0.17521666,0.16502512,4.4897237,0.85333455
-0.0002462804,1.8723902,-0.104773924,-0.1286612,-0.14900795,0.7689909,-0.118358225,0.7344144,-0.047330968,0.10290237,0.6574632,-0.14812309,-0.10411828,-0.08889449,3.0285118,0.4787353,4.257812,0.8548838,4.388345,0.7219652,-0.05901097,-0.0850378,0.13535571,-0.036246475,0.41722748,-0.095187865,0.114925824,-0.07975146,1.7482102,-0.1007111,0.06270636,1.2353121,3.5666623,0.84841114,0.2977889,0.1821807,-0.068048306,4.789349,0.7667216
-0.07734452,2.169699,0.1421204,0.7356563,-0.0042350334,-0.018170131,-0.12664962,0.21447685,-0.00038746712,-0.04730932,0.022343135,1.3568399,0.5595348,-0.022362428,0.06969296,-0.11111857,0.11279407,0.14376785,2.3282604,-0.026426677,0.10938673,2.501451,-0.11094849,-0.008520204,-0.06702551,0.12020423,3.7961597,-0.06195306,-0.036751926,0.30330336,-0.043119024,-0.037270628,-0.122089595,-0.126546,-0.121515736,0.09310243,5.6593843,0.8218835,4.134192
-0.021219289,0.7769714,-0.10282786,-0.031181283,-0.10102919,1.2077532,-0.06046818,-0.14180839,-0.10010513,0.5872232,0.17195074,0.05601628,-0.07771651,-0.086412154,4.2557673,-0.06948312,2.4942572,-0.03458805,3.7107859,1.079066,-0.00060118496,-0.09705598,1.2999777,-0.15135723,-0.017480215,0.09252114,0.025925351,0.44742733,0.017131438,-0.084442586,0.46521872,-0.13773493,0.38086525,2.3294935,0.41898397,-0.0110963695,0.556551,3.8016193,0.8242743
-0.09130635,1.0802158,0.21645866,-0.12033102,0.06044658,2.269151,0.0013123713,0.051290248,-0.041753855,0.86765844,0.05535237,-0.12533824,-0.034166656,-0.027397161,2.0334013,-0.030887809,3.3361437,-0.06443088,3.5533166,2.3657093,0.2972688,-0.028206822,-0.1510389,0.13880609,-0.055122696,-0.1413601,0.3629067,-0.12768629,-0.0054272623,-0.10644446,-0.044734795,-0.09816554,0.2882871,0.40611133,-0.12567338,0.7238269,0.15142162,3.2003562,0.77582145
0.49551854,1.5455449,-0.13131264,0.95688474,-0.115103975,0.3769998,-0.06148745,-0.120206594,-0.13809101,-0.043157794,0.359844,1.2335429,0.020414295,-0.07513757,0.03319148,-0.009474264,-0.07208392,-0.13624656,2.2620606,-0.055998478,0.13738966,2.8094494,0.2281891,-0.043021154,0.47000432,1.3363806,-0.022995679,-0.063122,-0.106994055,-0.13623291,-0.11535191,-0.034278646,-0.14977366,-0.10113548,-0.08102613,-0.14660896,4.1996894,0.56636333,2.4120944
-0.068234585,1.495996,0.2411513,-0.007947978,-0.07537826,0.030414276,-0.0012671979,-0.037986644,0.45094243,0.4024614,0.69956815,-0.11878631,-0.03524709,-0.10431478,4.4985065,0.26667252,0.9837746,0.21792024,2.606167,0.44842234,0.25808665,0.6618948,0.0460248,0.19328816,-0.1372563,-0.08473801,0.42610928,-0.050660215,-0.031089732,0.23429921,-0.09141325,-0.108402476,-0.12077761,0.767227,0.11537806,-0.09730307,-0.018006895,3.6679032,0.27069065
-0.12768471,1.036369,0.47820535,0.82823133,0.23097603,2.0278807,-0.13703223,0.38334522,0.1373236,1.5992305,2.5917013,-0.10324733,0.18307409,0.04652944,3.431578,0.8601039,4.863592,0.023235783,3.154459,-0.12856005,-0.034845702,-0.07138272,-0.1272189,-0.01700059,-0.066873096,-0.11334455,0.063923046,0.28725338,0.35006455,1.2721206,-0.027093442,0.048160404,4.120357,0.07205551,0.100250736,-0.073471665,-0.12040073,4.874725,1.0649042
-0.06433124,0.48347336,0.2721098,-0.12611678,-0.018642217,-0.0055339434,-0.14240588,-0.086456336,-0.014847674,-0.0961006,-0.13691527,-0.114057794,0.13471659,0.04003229,1.9237926,0.122923374,3.882815,1.033633,3.6690743,0.7213026,0.09839059,-0.1195793,1.0554535,-0.12765376,-0.06451867,-0.07423472,0.008891051,-0.08992254,1.8926624,0.22606108,-0.14705767,-0.0952127,3.329221,0.32182643,0.4838263,-0.06992317,0.2608259,3.5682075,0.20342816
-0.06116091,0.8525557,0.37168404,-0.120402604,-0.12005792,0.70487624,0.17205139,-0.107182086,-0.020224428,0.04694827,0.16726959,-0.14973336,0.43448082,-0.021845398,4.068815,0.49825156,3.203995,0.23629738,3.4098709,1.1431354,0.041741636,-0.04694229,-0.01749031,-0.11797915,-0.09549538,-0.036674257,0.052972127,0.048092,-0.13200705,0.03954996,-0.12566371,0.428776,0.24130164,2.2935169,0.6763188,-0.1117894,0.018878205,3.6455407,0.08750714
0.12833898,0.4721633,0.20437694,-0.08594555,-0.019488644,0.48843187,0.00246918,0.19856279,-0.063081,0.5923349,0.65418833,-0.054103263,-0.14036058,0.017913079,5.607066,0.51124537,0.968113,0.24005322,3.1798375,0.16695103,-0.11908968,-0.010219645,0.7493479,-0.080948755,-0.028413594,0.32581678,0.33079636,0.09968312,-0.10292795,-0.042389423,0.038366932,0.0063777515,-0.074062444,0.57362914,0.015540222,-0.00677996,1.4134986,3.970703,1.0616407
-0.0779126,1.1243037,0.41244677,-0.1086558,-0.12488446,2.197204,3.7398342e-05,-0.062293205,0.044877175,0.62830245,1.081996,-0.10734374,-0.004774336,0.03366933,2.8723557,0.7516582,4.2623267,0.50235635,3.0573547,1.2247734,0.08092204,-0.11454938,0.1625201,-0.14817232,0.006171587,0.088863894,-0.10703971,-0.120815895,0.106147066,0.27293333,-0.03117776,-0.00894516,2.1073372,2.0043912,0.0024465946,1.0310258,-0.002723528,3.9752133,2.127271
-0.12199689,2.0278404,0.23098381,0.70556927,-0.06941267,1.0248603,0.05011787,-0.109879166,-0.093580395,2.1602297,0.8132734,-0.008552185,0.015858928,-0.047619436,3.050287,-0.120392255,0.5155576,1.4333497,4.656392,0.9867525,-0.029690944,-0.0073480816,1.3212363,1.3485545,-0.08818349,-0.0656919,-0.13606054,-0.14216337,0.82403517,-0.13576081,-0.048357815,-0.115944356,1.5172509,0.15113163,1.0290856,-0.12307104,-0.119873956,4.359662,-0.138126
-0.022034856,2.0697734,0.017037274,0.07485914,-0.1407306,0.64128405,1.4137535,0.06350596,-0.08793928,0.16332394,0.97324675,0.00603245,-0.051306903,-0.15141098,2.7767959,-0.09233221,4.001825,0.47515488,4.063694,0.5228667,0.2772092,-0.12170257,0.09679938,-0.11515401,-0.044873618,-0.10651216,-0.037987504,-0.013128085,0.23603892,0.075031154,-0.14444573,0.21917485,3.2978375,0.4744657,-0.13204761,-0.106558785,0.06268934,4.83367,2.035637
-0.14788532,2.412589,-0.12813546,-0.033469737,0.09967087,0.941231,-0.114528514,-0.1138926,-0.010702713,-0.13032648,0.9577735,-0.025664674,-0.07102634,0.7691289,3.2117252,0.42324492,3.274631,-0.05495911,3.0154593,0.5615827,-0.030872522,-0.11686908,0.7756897,-0.09547015,-0.14645992,0.32125902,0.36252755,-0.12895003,-0.058541577,-0.073157616,-0.016361466,-0.11381539,0.010854675,0.019049399,2.08213,0.8973212,-0.021886177,4.039794,0.92222905
-0.120040186,2.612119,-0.04967502,3.5781941,-0.07813436,-0.12153136,-0.08763641,-0.026632464,0.5735897,-0.05720975,0.53648394,1.2202668,0.08081899,-0.07743964,-0.13125332,0.2568211,-0.118303716,-0.07468723,2.764887,0.43496534,0.2834388,4.714713,1.1516786,0.36989224,-0.116436966,-0.11357148,3.2377954,-0.063656054,-0.07586371,-0.0070764436,-0.06672955,-0.13920073,-0.012201131,-0.059816018,-0.09194552,-0.086709864,3.1673098,0.08418695,4.872021
-0.097437404,2.7603881,0.6344662,-0.15266056,-0.12882975,0.08143658,1.9824122,1.2145156,-0.059694257,0.6249928,1.3643184,-0.12554805,0.23405848,4.0444975,3.2782893,0.30585638,-0.10429268,1.8932067,1.3456594,-0.09507123,0.43572623,-0.0632705,3.426359,-0.12336208,0.061762396,1.6895704,5.9289613,1.8266256,-0.07880939,0.011483573,0.12047465,1.7972164,3.7778509,-0.06592273,-0.08186095,-0.08492165,-0.05428368,2.2662401,1.5696573
-0.105134495,1.040238,-0.03451717,-0.14907512,-0.085795894,0.7584439,0.37661102,0.11816201,-0.12895982,0.51197314,1.1172282,-0.12786034,-0.07294651,-0.06654352,3.8439207,0.9252018,4.064893,0.054045897,3.267585,0.09852513,0.54102963,-0.13726352,0.55887204,0.031123143,-0.045412388,-0.12616743,0.33279732,-0.058046896,0.5426189,-0.10377374,0.7106005,-0.028248928,2.986432,2.496485,-0.13212518,-0.059014343,0.98151284,4.741803,0.09175331
-0.011253118,3.4903638,0.2623456,-0.14884964,2.043963,1.4192797,-0.05896685,0.5261846,-0.12573625,-0.059199654,0.3861187,-0.030318305,0.21199234,-0.03524043,0.34722364,1.3258545,-0.0014736124,3.4028955,1.4474242,-0.022218443,0.37146768,1.1321207,-0.118469045,1.0778937,-0.09491496,-0.035917345,0.3703151,2.650358,1.6714491,0.014853679,0.3119331,0.93910545,0.15798825,2.8037457,-0.06987745,0.08400803,1.3079,3.0730102,4.158908
-0.051530756,0.7991817,0.15817223,0.08805848,-0.09755642,0.41118613,-0.09733971,-0.1290261,-0.051882792,0.008923022,0.97500455,-0.14672948,0.62326634,-0.004735504,3.3698316,0.49835974,2.5990129,0.31600466,3.626244,1.2148952,0.28744775,-0.03450577,0.54386365,0.2863433,-0.07468543,-0.109488375,0.29595426,-0.14517187,-0.047560964,0.051247593,-0.13518478,-0.11256111,0.021070877,2.8641865,-0.018616209,-0.068844825,0.508606,3.7256122,-0.002432058
-0.07789781,1.17898,-0.04674599,-0.14449376,-0.14064358,0.96428114,-0.04238365,0.8967408,0.37559837,0.077311546,0.20721221,-0.0056323987,0.0673473,0.11851204,5.4088,0.39218453,2.501063,0.13854137,3.251977,0.40293884,0.8331231,-0.047765158,0.55208176,-0.14544545,-0.14908715,-0.014532582,0.049323935,-0.03396099,-0.011423998,-0.13503309,-0.088987455,0.094097815,1.1421647,1.3552201,0.265715,-0.004192761,0.9832296,4.440304,0.6255778
-0.06312642,0.9339345,0.6413312,0.35032323,0.18538913,-0.06872724,-0.04711407,0.10386136,0.76741886,0.6688677,2.0282466,-0.063125715,0.031737115,-0.05076423,1.394596,0.104680225,3.4564917,0.0036850153,3.288207,0.47970265,0.04453608,-0.07186354,0.0960699,0.0011599092,-0.10089486,-0.08558727,0.4137027,-0.06251216,-0.04868027,0.556455,-0.12568057,0.19855501,2.842851,-0.082985334,0.071028724,0.044420242,-0.04847656,4.138487,1.4158154
0.05850819,1.153695,0.3864488,-0.13067618,-0.073080406,0.16804266,-0.011041935,-0.003242848,-0.14956342,2.127783,1.1049621,0.18749738,-0.110505424,0.7447208,3.4865549,-0.12331781,1.0969521,0.4658548,4.050772,1.3668485,0.23696007,-0.091079414,1.463669,0.03279884,0.1984804,0.06509066,0.06494751,1.0329806,1.2237741,-0.05019307,0.4311213,0.18232031,1.6464279,0.63168365,0.47156757,-0.051727906,-0.08125684,4.157889,0.7087078
-0.08404491,1.7290536,0.54953134,-0.09101667,0.7265623,0.5496972,2.5609605,0.38059554,-0.047043882,-0.0172508,0.099110514,-0.085582115,-0.021459214,-0.055435102,-0.06666326,4.954368,0.94827896,1.9547075,0.03958284,0.39605343,0.63957053,-0.05411297,4.875228,0.8745446,1.0519805,2.0033429,7.173231,0.5882954,0.1173937,0.068764634,-0.12312175,2.232372,3.0545392,-0.13429822,-0.12881237,0.047529284,0.14139982,1.3665649,2.3321865
0.37045014,1.6903496,1.1773671,-0.04712515,-0.09648719,1.4446856,-0.019251447,0.031031575,-0.009259112,0.06810377,0.854686,-0.018860118,-0.01477886,-0.11135181,3.9107394,0.28623694,2.1584373,-0.09371719,2.7514765,-0.13248542,0.20626676,-0.10937503,0.025115164,0.40376267,-0.09704192,-0.03790822,0.9346976,-0.06650926,-0.1424833,-0.08166833,-0.007171403,-0.08423937,0.27509817,1.5975101,-0.122395866,-0.08185123,0.45498934,4.1038632,0.13085176
-0.024483649,0.7430634,0.62758887,-0.033386823,-0.0096808635,0.68470407,-0.093390845,-0.047950596,-0.071265765,0.4532028,0.14338505,-0.05771387,-0.06585606,0.29488367,3.970885,0.39102468,4.230312,0.20882362,3.5494325,0.567929,0.15878919,-0.0065805707,-0.14300935,0.09515777,-0.13019411,-0.012857356,0.23161611,-0.13956937,1.1734674,-0.0041316934,0.6646769,-0.1286657,3.0404253,-0.094709285,-0.017998708,-0.06468617,0.56205964,3.8703017,1.5657632
-0.061252978,0.7637102,0.116703816,-0.13293755,0.8932957,0.2849207,-0.14173347,-0.07885788,-0.07830595,-0.080187745,1.0432017,-0.07109235,-0.12277582,0.6289769,-0.0771767,0.26956442,1.5062692,0.007939611,2.0187502,0.47676283,-0.07005742,0.09243041,-0.06469223,0.08312464,-0.13485584,0.030297864,0.7883546,-0.061565965,0.106639884,1.2630246,0.2945422,-0.0018619637,5.6190557,0.2859928,-0.031574443,-0.12663104,-0.084733486,3.2033803,-0.108117744
-0.018476347,1.3052734,0.24109544,-0.11203285,-0.11236916,0.02034814,0.7448425,0.052785844,-0.066602655,0.030981751,0.6189133,0.056944963,-0.036859598,-0.110801846,3.3261225,-0.13788317,2.470105,0.14294674,2.457984,1.0507232,0.045567885,0.29937726,0.24177085,0.37666714,-0.049658865,-0.116237745,0.14372076,0.3025467,-0.027343884,-0.032220375,0.8160597,0.028119132,0.86543,2.123028,0.004964914,-0.11013223,-0.10885028,3.5374722,0.25003916
-0.1059381,1.2380091,0.6110892,-0.08458852,-0.05431785,0.03623473,0.18199019,0.048601493,-0.02891729,0.8907103,0.66049623,-0.054119807,-0.10396827,0.34001356,2.7754753,0.75855243,4.6905875,-0.03252919,2.6655946,0.85803115,0.21942018,0.0039836853,0.001009663,0.23256503,-0.06516338,0.621941,0.37391973,-0.015922735,0.376027,-0.024670055,-0.14713585,0.053614456,3.013554,1.0659206,0.016436156,-0.054747,0.16244379,4.509369,-0.12134606
-0.032827817,0.81382483,0.031703483,-0.09874698,-0.15535857,1.1162242,-0.10943896,0.6311591,-0.06539712,1.11542,-0.100685425,-0.06295912,-0.09715051,0.45040298,3.1502686,0.55140364,0.3937408,-0.07356353,2.8588464,0.64519703,0.044133585,-0.114823274,0.29197338,0.4116827,0.09016516,0.2459708,0.40477774,-0.005992432,-0.04103394,-0.037290502,-0.03931553,0.13526605,0.6959954,-0.15485744,0.5776752,0.09124829,-0.041849382,3.9523447,0.44854802
-0.016983677,1.3026505,0.106725246,-0.042707287,0.0018559019,-0.13474391,-0.05837538,-0.014089679,-0.028120378,0.58556855,-0.14656988,-0.01932355,-0.05863005,0.29206964,4.1309705,-0.055039734,1.9867673,-0.13828465,3.0661209,0.21938996,0.20108207,-0.14589952,0.016123889,0.1572266,-0.057174798,0.056629963,0.50309247,0.3181348,1.385828,-0.04677967,-0.032891974,-0.07202789,1.8275298,0.15453504,-0.07430439,-0.11993544,0.12673935,4.0078297,0.027950078
-0.02391479,0.6771704,0.18230897,-0.11466457,-0.13277847,-0.11114987,-0.005208538,0.07228466,-0.07286546,3.5963194,-0.045368444,-0.010724484,0.25325125,-0.1448255,0.088586666,-0.14415087,-0.08665333,4.148965,3.059846,-0.03895402,-0.13158779,-0.11714643,1.123987,-0.15005589,-0.113056526,0.14972332,2.0003133,-0.049524345,-0.030996094,-0.048172325,-0.09613536,-0.09331131,0.6997495,0.2612541,-0.04548233,-0.06538345,-0.06703067,3.733349,-0.018500995
-0.12062443,1.3868386,0.32806697,-0.021306057,-0.022622999,0.078163415,0.10986357,-0.085144445,0.10784077,-0.022299241,-0.009808241,-0.04019772,-0.05608424,-0.13658245,3.143618,0.10614806,3.8113997,0.7128599,3.4286797,1.0639347,0.74701655,0.10498205,-0.09292083,0.24270575,-0.13838238,-0.044563375,0.13920285,-0.030257886,1.926332,-0.12694018,0.22691046,-0.08873591,2.7436156,0.9555309,0.12467056,-0.10012729,-0.04745099,3.7580662,0.377933
-0.08751728,2.1360338,0.48294714,0.19188634,-0.041451585,1.7741754,-0.045383576,0.20979705,-0.010000235,0.24912478,1.2272593,-0.05151534,-0.06626799,0.042776972,3.1429038,1.2647074,4.852854,0.5163783,3.8501937,1.0513824,-0.14688653,-0.116639934,0.6862065,0.01720712,-0.15322253,-0.04698156,-0.12926061,-0.12158157,0.97328955,0.15118285,0.18978433,-0.048721727,2.5423474,1.8790281,0.6728617,-0.115595624,0.0068309694,5.2620873,0.43886712
-0.14748235,1.0842638,-0.14331833,-0.01035111,-0.10626308,1.2678376,0.08295226,0.010531269,0.086090595,0.6718521,0.4910417,-0.12725717,-0.113231376,-0.06490257,3.7918007,1.1763732,3.4558423,0.91008604,4.0423055,1.6702967,0.1324827,-0.12800933,0.89039505,0.2691478,-0.08121488,-0.08186422,0.7314017,-0.13645081,0.90723574,-0.14774868,-0.12092988,-0.10334652,2.8102632,0.9703785,0.87077624,-0.015662823,-0.054838635,4.472582,0.81976396
-0.066062964,1.7295446,0.13598228,1.9525317,-0.033708587,-0.15346636,-0.039220527,-0.101445705,0.0556166,0.041701067,-0.05898242,0.2938574,-0.021747315,-0.11695376,-0.11785285,0.16237657,-0.05974489,-0.02637374,2.1935909,-0.100997955,-0.019545697,3.917056,0.051632646,-0.14327791,-0.10180797,0.3264374,1.6219887,0.5666773,0.2505476,0.019879783,-0.13594152,0.02355517,-0.04017371,0.86605096,-0.041836403,-0.008428098,3.4023871,1.7115469,4.255996
-0.041820884,1.3717119,0.86428475,-0.06742614,0.39322406,0.41338506,0.9428002,0.9787677,0.7989554,1.1438894,2.8127015,0.25372598,-0.0017373103,-0.15438014,2.5871627,0.12091808,4.1113124,1.0261822,3.1480727,0.68707085,-0.07862831,0.6783808,-0.1370782,-0.059170917,0.12026465,0.073410705,1.0127969,-0.016613264,0.07316957,0.93617344,-0.038812183,-0.11212221,3.479885,1.102918,0.16585627,-0.06954348,-0.09102912,4.573141,0.09298173
-0.06370065,0.56782395,0.15861617,0.61814076,-0.055980198,0.60453594,0.14540999,-0.056642823,-0.11213716,2.9529161,0.44860372,0.08355909,-0.008711802,-0.027528992,-0.0066908384,-0.022240728,0.062607445,2.3531356,0.8611272,0.2798449,0.03569298,-0.023146141,1.2457732,0.3596302,0.30418545,0.078743,1.6107836,1.7146988,3.769575,0.2960299,-0.13928755,-0.107178934,2.1832721,0.23347238,0.78495514,-0.12547216,-0.0727366,2.1076548,1.3411424
-0.021021431,2.8146322,0.23580985,-0.047142766,2.1186457,0.67845446,-0.15335527,0.49469173,-0.0738997,-0.07512298,1.7992343,-0.007575256,4.303954,0.29062808,0.44969428,-0.15130079,-0.004708493,-0.10494243,1.5342356,0.4841362,-0.15502754,3.4319196,0.012493137,0.068424515,-0.12847376,0.49364713,5.841737,2.0149944,-0.1252454,-0.12644187,-0.013007552,-0.037062064,-0.13234904,0.011838827,-0.022341885,-0.1504658,0.09883037,2.9932399,2.5674567
-0.069126874,1.099047,0.21685971,-0.04248685,-0.037562564,1.5595967,-0.13674447,0.12830421,-0.08451147,0.07625725,0.2638795,-0.12805209,-0.055779763,0.14603336,2.7182715,0.35050946,3.6322472,-0.047222644,2.618994,0.45847017,0.11361647,-0.0058044544,-0.10086067,0.2645244,-0.0308142,0.06927044,-0.0031516016,-0.078834906,0.69127625,-0.012849417,-0.014509465,0.15060902,1.1071478,0.3753596,0.10834153,0.29868025,-0.1510706,4.0128527,0.6964086
-0.02158961,0.95982724,0.027332887,-0.09043086,-0.0129859075,0.9343154,-0.096683614,-0.12980634,0.1296055,1.4005822,0.047349427,-0.13666984,-0.05179517,-0.10671395,1.0001183,0.121054016,1.5997839,0.1989066,3.4706624,2.3979611,-0.14768396,0.25032467,1.9148856,-0.076922774,0.088101365,0.65174717,0.7316192,-0.09339457,2.5564773,0.2239242,-0.09342923,-0.02623208,0.8101017,0.47523835,0.040418275,-0.028632846,0.0071380176,4.083586,1.3049423
-0.12554254,1.7568221,0.35699564,-0.06583381,-0.049273927,0.16539632,-0.10810123,0.6947287,-0.009089791,0.6953493,0.83200544,-0.020551601,-0.12647994,-0.1446636,3.3240204,0.12146757,4.816864,0.010672016,3.6825063,0.059464443,-0.15180442,-0.0743369,-0.06329191,0.13872407,-0.14118807,-0.0006894501,0.14356606,-0.14094517,0.5396019,-0.13435847,0.11271287,-0.08561623,2.279991,0.40577266,0.67657053,-0.14328146,0.29914665,4.904625,1.571242
-0.1388656,0.8394115,0.58731407,-0.13753255,-0.07708231,0.21251823,0.010402026,-0.09458016,-0.0325258,0.79290354,-0.057197306,-0.073978506,-0.027733386,-0.0034619933,3.778098,0.8486579,0.7920667,0.14968418,3.4323857,0.69302994,0.4425096,-0.049077358,0.97721577,-0.06410396,-0.051557597,0.09306546,-0.115563825,-0.008805015,-0.019392595,-0.14098063,-0.12588885,-0.024706248,0.032010682,0.92866397,1.1267434,0.09761993,-0.038483635,3.292738,0.18087888
-0.14465828,1.8144997,0.6596647,-0.09029915,-0.022998823,1.0125431,-0.029827815,-0.033241913,0.059858274,-0.05693214,1.0192626,-0.1364742,-0.045699112,-0.119362935,0.5277599,-0.12586574,0.98643965,2.1849859,1.1333052,0.40049532,-0.14926617,0.14958832,0.05179118,0.0833557,0.52437615,2.7654824,5.4347825,0.116546266,-0.05303935,-0.08832933,-0.14885344,-0.028370911,-0.082100704,0.5169802,-0.063808426,-0.13467298,-0.12038345,2.0682259,0.49015355
-0.112097666,1.4410032,0.41048828,0.085578024,-0.023437697,2.0144851,-0.07848726,0.0015173735,-0.0188618,4.6364408,0.7395559,0.46975428,0.1473236,0.61201346,0.1366685,-0.03332315,0.14445512,4.6579814,3.305401,2.0399315,0.113522284,-0.10729127,0.7948238,-0.061977588,0.2314697,0.32920966,4.2225785,0.02472586,4.6346617,0.41615942,-0.093431145,-0.042146675,3.932515,1.3453972,-0.10079215,0.069271825,0.35553485,3.4265945,3.8801303
-0.097385585,1.1269003,0.7726069,-0.11880798,-0.15069559,2.0951254,-0.08433434,-0.046346247,-0.055734493,-0.008975376,0.23269786,-0.00954869,-0.01727585,-0.118961565,0.4964721,-0.05992621,2.7072022,0.20887554,4.1590266,2.5924406,0.018248264,0.23625863,0.8971489,0.34936768,0.060740165,0.098428816,0.47630316,-0.030646708,-0.14362314,-0.005567626,0.27492458,-0.0066481675,1.0464482,1.1180162,-0.09079689,-0.080716744,0.31441325,4.4723425,1.5576618
-0.005230001,1.1975155,0.70020103,-0.13867797,2.1181462,1.4136035,0.6392594,-0.034640003,-0.07747783,-0.14790162,0.21159115,-0.09032911,-0.013263921,-0.12896219,-0.031927865,-0.08299565,2.4707468,-0.034054115,1.7623935,-0.07168524,0.0393201,0.08757474,-0.09496024,-0.060676113,-0.0782731,0.4779609,-0.08670873,-0.09359382,0.13760197,-0.006384198,0.111961804,-0.061441846,2.0367117,0.36772168,-0.14181663,-0.0050550513,-0.021548044,2.3336987,-0.008752491
-0.034417808,1.8326385,0.040939912,-0.13022433,-0.10553913,0.35988724,-0.08070192,0.14731579,-0.086700305,-0.13093492,0.14826803,0.4498048,0.40651193,-0.031302553,3.2028053,0.21013735,1.46946,-0.04658975,2.630019,0.20144488,0.17146805,-0.09019002,1.543938,0.43028495,-0.052409887,1.2602973,6.070865,0.8467213,-0.15237522,-0.110807694,-0.03811519,-0.06655117,0.09152998,-0.119947374,0.06158011,-0.04259403,-0.064732924,4.027079,0.055837598
-0.119052075,0.8126961,0.40576452,0.09404166,0.02908004,0.9499515,0.39857265,-0.005940251,0.07992239,0.15356256,1.7920313,-0.038077943,-0.079981126,1.4231697,2.3208904,0.1048411,4.3475404,0.78502613,2.7069166,0.605329,-0.0046986346,-0.007109836,0.6819378,-0.13885918,-0.12193265,1.2948042,0.10042129,-0.06695169,0.8659615,1.2377397,0.30892816,-0.011324424,2.8561594,0.21702711,0.17576002,0.10344027,0.2970827,4.1853294,0.41337883
-0.020684995,1.0260983,-0.049308967,-0.12811059,-0.10048877,0.09255199,0.20885907,0.52576876,-0.09346409,3.366317,0.6834097,0.5443127,-0.13558379,0.14477412,0.6014129,-0.10619616,0.69430876,3.2461655,2.8768525,0.20977485,-0.15000303,-0.013117183,0.38288304,-0.12171112,-0.052414507,-0.10433984,0.10794367,-0.15429437,2.7818558,0.018235845,-0.017752977,-0.12964454,-0.13655204,-0.046124067,-0.10691632,0.21648261,0.3851781,2.1357853,-0.040911276
-0.03137752,1.0250955,1.0024601,-0.10054489,0.034431763,2.1834016,-0.028181512,0.04159865,0.14415903,0.24527869,0.36620334,-0.07251285,-0.074369095,-0.032410704,2.2333138,0.8106373,2.5862515,0.28261462,4.5413785,3.0785894,0.21245031,0.05473636,0.085851565,-0.11586073,-0.032969527,0.07090418,0.40546644,-0.11266468,-0.13494049,-0.10708788,-0.013275151,0.15533349,1.0711628,1.6248412,-0.08939177,-0.025606427,-0.14236838,4.422837,0.8772347
-0.15527782,2.0954208,0.40377796,-0.020555837,-0.029169297,2.7284174,-0.120034724,0.07930488,-0.0042615505,0.026982624,0.9167443,-0.024567952,0.16243656,-0.03862472,3.7157438,0.35111916,3.0019495,0.45904323,4.203494,1.2743142,-0.01333275,0.041354816,0.2612615,-0.12217375,-0.07644811,-0.04115366,-0.013124281,0.14013818,-0.14598694,-0.03275383,-0.038285244,-0.14910571,-0.09958674,2.2046907,-0.12251672,-0.017981682,-0.04467236,4.826815,0.11550659
-0.03374153,1.2188622,0.16270792,-0.08561364,-0.00061295973,0.7091063,-0.024251312,-0.08978784,-0.12114522,0.47894248,0.22654454,-0.113789946,-0.093743406,-0.13094017,3.5729823,-0.026210388,3.9654014,-0.13445467,2.8264358,0.9212379,0.14896639,-0.08640416,0.22222097,0.38803282,-0.00298494,-0.038725488,-0.043321315,0.09559114,-0.07714091,-0.10351506,-0.15523587,-0.12444853,0.92140406,1.0893612,-0.06467139,0.91661066,-0.07235517,4.965834,0.09162651
-0.0025126599,1.6212566,0.30303153,-0.06848802,0.0062195137,0.7649035,-0.12337559,-0.05070256,-0.09438286,-0.05501218,1.3198445,-0.09852067,0.6937823,0.061947778,3.7213538,0.09982178,3.3799393,0.6079088,3.022378,0.014034357,-0.1456056,-0.064212576,0.6194057,0.19850488,-0.040020566,0.15199052,-0.045568366,0.14688443,-0.15236598,-0.107284024,-0.1102882,0.15821174,0.4936114,0.93212205,-0.10320138,-0.014515765,0.5220366,4.522082,1.3309903
-0.11455732,1.983334,0.5496932,-0.07266231,-0.056564044,1.188767,0.8037808,-0.03644812,0.6487961,0.36233783,1.4201322,0.11325943,-0.0696547,-0.09408661,2.9689777,0.060392328,3.6727526,0.17142865,1.8591812,0.767443,-0.123856135,-0.1302909,0.6617161,-0.1073633,-0.12816167,0.033273347,-0.02478122,-0.058968388,-0.009369207,-0.1059226,-0.022141494,-0.13955677,1.0197452,0.103042,-0.11227887,-0.03645908,-0.15107256,2.8289957,0.0107891755
-0.09631054,1.7180063,-0.057304226,-0.054715585,-0.13064857,2.114209,-0.15530938,-0.1336303,-0.090729386,0.40999383,-0.13507864,-0.00960368,0.26657638,-0.039683983,3.7378063,-0.14223504,4.091633,0.6153219,3.392023,0.7390204,0.38298318,-0.011408615,1.0325755,-0.08205285,-0.15074769,-0.016799381,-0.14684667,-0.120064765,0.7062475,-0.052409675,-0.061583143,-0.08469514,3.6758764,1.6896906,0.770116,-0.06983586,0.0025577734,4.533352,0.3313149
-0.029720565,1.260938,0.49488735,-0.04845224,0.18657032,0.41766128,0.15323552,-0.064426005,-0.06746317,0.25261956,0.3335989,-0.10409302,4.3145866,0.19956651,2.6539743,4.13637,0.4437473,0.08542039,0.06564512,0.48358163,-0.1530105,4.0980816,0.51442,0.49226543,-0.08867322,-0.12983526,5.672605,0.08810213,0.14262113,0.039909016,-0.087931685,-0.0032988435,-0.14861628,-0.12246942,-0.08143295,-0.061649233,0.2797492,4.1624913,3.3500476
-0.034919944,1.7499069,-0.07376853,-0.11461811,-0.14880936,0.114268,2.5828843,-0.084799916,-0.11222073,-0.12384419,0.6462696,-0.14338152,0.3719602,3.8442378,0.45014316,-0.067854695,-0.06597767,1.866519,-0.15128423,-0.09824219,0.1409832,-0.14244258,2.3797243,-0.15138744,-0.04158896,1.7102847,0.0003250366,-0.095870525,0.84761447,-0.11305613,-0.04916287,1.9283473,3.1380858,1.0172068,-0.074272946,-0.15134709,0.25355554,0.4153326,-0.04166114
-0.015485296,2.251995,0.2372483,3.8794188,0.27915463,0.36773387,-0.14901587,-0.012332382,0.037818484,0.20434946,0.5719177,1.9917896,-0.022472171,0.49280694,-0.12530684,-0.095832355,0.62307936,0.045897476,2.4197206,0.8861315,-0.14082494,4.52485,0.29356033,0.016094709,-0.0121865105,0.21656592,2.3766572,0.14381382,-0.110172726,-0.11620264,-0.013428817,0.49653837,-0.028530672,0.15479693,0.48246852,0.16007067,3.723007,2.5688431,5.5573764
0.303795,1.809643,0.03399586,2.747745,0.05693407,0.0073704403,0.12950787,-0.03205682,0.5037632,-0.037098397,0.2870608,1.5695392,-0.13770697,-0.038287353,-0.10745459,0.27802455,-0.07111926,-0.1266103,1.1566728,0.9171161,-0.014647814,3.5568619,-0.0042385138,0.04584171,0.6470587,0.18573758,2.756515,0.16141002,-0.053362343,0.61710393,-0.06465252,0.029896315,0.062409244,0.3641077,-0.012472164,0.030471329,4.2623067,0.6128939,5.304659
-0.08325923,0.2998063,0.110793434,-0.002745373,-0.09659121,0.28681007,-0.07007738,-0.07409736,-0.145248,-0.115235016,0.099987626,0.51960176,-0.031246297,-0.12822959,-0.05815604,-0.011423142,-0.13585003,-0.12925531,0.39264905,-0.03656129,-0.05702643,2.4894116,1.3914226,-0.050535165,-0.06904823,-0.04108643,-0.1269321,0.7361854,-0.057612866,0.07790213,0.06202036,-0.014138605,0.293501,-0.12105576,0.17398933,-0.136948,0.2505606,0.7285429,-0.11285659
-0.08393881,1.8318098,0.01724017,-0.11224955,-0.032756243,2.0224576,-0.059312183,-0.09346104,-0.07560615,-0.0658346,0.06393018,-0.076707974,-0.0677128,-0.10286503,2.2120912,-0.12248562,3.5049088,-0.006307756,4.0376678,0.5171985,0.05007435,-0.037077,0.23482457,0.72435725,-0.1051942,0.30691385,-0.112508334,-0.1201941,-0.13045695,-0.014942965,-0.046806388,0.13131271,-0.14431769,1.4793185,0.6309182,-0.09590076,-0.076953866,3.2246358,1.2696987
-0.0008311061,1.9512615,0.4555415,1.9178438,0.13145463,1.1557664,0.3211796,0.98065615,0.23009054,0.38260964,0.13098341,2.232174,-0.003963268,0.3494399,-0.107575454,-0.15470237,-0.079290725,-0.02434789,2.070732,0.00889478,0.24898961,4.1953874,0.49941352,-0.12671173,0.0037612622,0.091708876,3.540621,1.2187189,0.016124403,0.049921736,-0.11255895,0.12504473,-0.03591414,1.1141025,0.6977205,-0.14325799,4.4381,0.616563,5.824933
0.06344695,0.7557527,0.07347147,0.064334914,-0.0015969248,0.44259354,-0.14806513,1.1099741,0.1004244,-0.0151085965,1.7725437,-0.0325957,-0.12377851,0.0581319,1.709981,-0.05787688,4.87659,-0.06346348,2.638691,1.108955,0.9028705,0.07983838,-0.09450094,-0.082261235,-0.0039604977,-0.011373713,0.5363489,-0.06077686,-0.12240703,-0.14340131,-0.04475884,-0.11425709,1.4844128,-0.037284054,-0.050854962,0.25478637,0.700441,5.016986,0.5800308
-0.13318959,0.3684433,0.45116636,-0.11684856,-0.004739955,-0.14451143,-0.10809268,-0.10440447,-0.04893374,-0.022154482,-0.08897437,1.1633992,-0.10014402,-0.05472078,-0.074628994,-0.030209878,-0.0622996,-0.10280081,1.2530447,-0.061781734,-0.12724037,0.9432028,-0.040512282,0.01628664,-0.04893334,-0.14850713,-0.0025236928,-0.015182126,-0.031742025,-0.12585548,0.7742965,0.15313536,0.06211581,-0.060728207,0.5461627,-0.059292022,1.4750998,1.4654722,0.90413654
-0.0071832575,1.4815063,1.060662,0.11820693,-0.1247783,-0.026204169,-0.111853056,-0.04195447,0.3083348,3.895744,1.2768418,0.18364264,-0.08762667,0.045010418,1.0866346,-0.14884865,0.6606588,3.7608714,4.454769,1.4152434,0.016293928,0.0029835366,1.0172677,-0.07039281,-0.023351995,0.10468552,0.018318659,-0.13029866,3.2784762,-0.028692149,0.93602765,-0.042100817,0.3359332,0.5551565,0.09941341,-0.06555916,1.261851,4.163638,1.248048
-0.10444775,1.8365086,1.1303847,-0.012687241,-0.0045143445,1.1121923,-0.1285519,-0.09842812,-0.057876885,0.58440554,0.5049063,-0.15290415,-0.020367708,-0.086396806,4.0962844,0.014832261,3.405535,0.49354434,3.6131833,1.5717943,-0.13830386,-0.030029265,0.8111631,0.010045373,-0.006996324,1.2297443,0.23297991,-0.091262504,-0.11295943,-0.13683784,-0.035758767,0.6059388,1.5871278,0.9122174,-0.14811856,-0.118037395,-0.024894776,4.3353586,0.859641
-0.14490509,1.679125,-0.13548015,1.2959545,-0.104077734,-0.070663504,0.14760762,0.5227606,0.73125076,0.07457761,0.6465971,0.6159142,-0.12807147,-0.059248,-0.04175754,-0.078336015,-0.082379736,-0.025680048,1.6473706,-0.05370913,-0.060604557,3.705586,0.42161775,0.15966049,-0.13079739,0.86036754,-0.113910206,-0.08518343,0.21859746,0.30498436,0.63726664,-0.04077539,-0.04578757,0.16295321,0.24552509,0.14213558,4.68518,0.9421147,6.483387
-0.021769527,0.23154943,-0.11578577,-0.06551084,-0.09820489,-0.107278585,0.025883,-0.12195297,-0.08910835,0.20255469,0.055064473,-0.1310449,-0.098449014,-0.12598242,3.3418286,-0.046086024,1.5926979,0.07555243,2.3079278,-0.113863856,-0.15189058,-0.15062264,1.3995166,-0.08287381,0.14571284,0.26799008,-0.14022264,-0.15004581,0.08511743,0.11528273,-0.04552732,-0.042269666,0.37310374,0.88639885,-0.037325528,-0.06608127,0.506854,3.4791214,0.74505
-0.0061811744,1.3684409,-0.045622293,-0.017223703,-0.10871744,1.5655364,0.36258918,0.43773898,-0.0129626235,1.6057862,0.08738282,0.39885616,-0.12615241,-0.083083004,4.27231,0.90743047,2.995302,-0.037081547,4.963818,2.3808856,0.22842877,-0.08162151,-0.087043084,-0.118598886,-0.03082966,-0.011639886,-0.034279775,-0.14610082,1.692528,-0.08059366,-0.02813071,0.0729332,3.7518883,1.4658543,0.0452953,-0.0021361997,0.60804355,4.679047,0.6906648
-0.09014806,1.0126241,0.46052626,0.32375613,-0.11954985,1.0983565,0.97158384,0.29459634,0.13616064,-0.11218315,0.6622832,0.045806877,-0.032640778,-0.09311366,2.8118744,0.6944925,4.4059644,0.36574548,3.2093642,0.44207546,0.09302407,-0.09207838,0.023506882,0.018987909,-0.03130313,-0.107702255,0.2615574,-0.119919464,0.20387506,-0.096602924,-0.020030739,-0.093112506,1.9567044,1.3259789,0.124894895,0.015453044,0.4198627,4.613832,1.5128853
-0.07869057,2.0343733,0.30453292,-0.14525501,-0.08850831,1.4547316,-0.12463336,-0.030147789,-0.14091359,-0.061169468,0.52198976,0.8161652,-0.0891109,0.60001534,3.9325907,0.5782169,3.568325,1.0126834,4.00797,0.993375,0.21420863,-0.094419315,0.5208936,0.7442659,0.012542062,0.023705076,0.11145727,-0.013094438,0.057599578,-0.10380346,0.17640965,-0.006685109,0.26230755,3.605206,0.64762115,-0.12027975,0.31814817,3.4361622,1.3515767
-0.10148727,1.0102286,0.46717227,-0.01650226,-0.13540809,0.23226473,-0.06903315,-0.08909159,-0.14955628,1.3703614,0.13422826,-0.108697616,-0.05052807,-0.0022432944,0.00798063,-0.1253548,-0.15281472,0.743313,3.2439618,1.5364181,-0.054178163,-0.10279564,0.04669863,1.0961092,0.101945296,0.69045997,-0.03938702,0.20405549,-0.10589491,0.16100784,-0.13937242,-0.041090246,2.5035322,-0.07099737,-0.08392782,-0.11610395,0.0057824706,1.1878072,-0.020218363
-0.0066282614,2.020254,-0.12726513,-0.07527634,-0.026472177,1.6052874,-0.005792253,1.3605868,0.15819329,-0.111042134,-0.15165725,-0.14193676,-0.15528992,-0.09281863,-0.060231272,0.5280159,0.32890904,2.0336456,1.1647923,-0.033746626,-0.1483312,-0.0028763122,-0.06162445,0.05253264,0.11361003,1.3062589,0.22974917,1.1800308,-0.12566194,-0.1259383,0.010615848,-0.02183189,0.78895664,1.430576,0.69455,-0.1469869,0.022855338,3.006564,0.7886902
0.026935428,2.8871808,0.16756217,1.9903966,-0.026422312,-0.08722066,0.32399222,1.0230682,-0.10141899,2.0960538,0.4015272,0.68201834,0.7328351,-0.071377486,0.21275988,0.70953065,-0.05447397,0.053225935,1.8868499,0.17422068,0.08979181,4.4333186,0.87070775,1.1675271,-0.09677311,-0.100899115,0.92218757,-0.060871266,-0.12935498,0.13263804,-0.111886665,-0.028440438,0.6931113,1.6504973,0.14043136,0.3269293,4.156468,0.9355602,6.6623325
-0.052681293,2.18992,-0.048380163,-0.0116485,-0.012536642,1.0845125,-0.06594586,0.34874037,-0.011068283,-0.030189268,1.2442703,0.37875682,-0.049517516,-0.03836211,3.482271,-0.03257165,4.312757,-0.14091444,3.7525837,1.2345682,0.21921249,-0.04664408,0.029424107,0.29303253,-0.121126756,0.40287092,0.3125617,0.0039437423,0.4701845,-0.07418486,-0.08276751,-0.10635992,2.6120286,-0.13756298,1.0123553,0.9267544,-0.07199578,4.639296,0.2512981
-0.08851805,1.9168535,-0.062436495,1.8640454,-0.046468563,0.031242145,-0.10354574,-0.0060446276,0.014114466,0.5604908,0.10955511,1.0720353,0.7607625,-0.06988054,-0.13146974,-0.0926737,0.20717381,-0.018212123,0.94953674,0.5311085,-0.14033154,4.506408,1.1629503,-0.0634023,-0.08325483,0.5973409,2.2505512,0.3967102,-0.041290745,-0.048679285,-0.060114726,0.016164377,-0.14345455,0.421126,0.092445716,-0.030690147,5.1807246,0.97534806,4.258641
-0.019433092,0.60410255,0.022986352,0.5824154,-0.12158628,-0.11983713,2.6872413,0.0860495,0.0014886886,-0.15198907,0.17714314,0.7191582,0.021309111,-0.09666818,0.13582937,-0.14168672,-0.1428919,-0.050815538,1.9395808,0.78272104,-0.05703374,1.7538257,2.0164363,0.10515711,-0.043771394,0.40725958,-0.018143063,-0.08223905,-0.08944545,-0.09689316,0.83936936,0.2723758,-0.10559551,-0.09491716,0.20144162,-0.15230605,1.7842419,2.3106315,4.6331096
-0.10166737,0.699552,-0.11012413,-0.15311947,-0.12097936,-0.0625708,0.4160372,-0.062183015,-0.1296513,1.1355437,-0.15440474,-0.053829104,2.252396,-0.08488515,-0.0065919748,-0.13778487,-0.110290565,0.80580485,0.460654,1.1105553,-0.023952082,1.2694592,1.5768012,0.15243375,-0.13366222,-0.0015991649,2.1726217,0.13416952,-0.008625965,-0.1512493,0.1256193,-0.055589247,0.7835228,-0.047037233,1.2507278,0.2026826,-0.024815252,3.3810148,-0.009234752
-0.120660745,1.4469974,-0.12475914,1.4083055,0.4831871,0.105882004,-0.12569849,-0.11767993,-0.015648998,-0.14600669,0.11417586,1.5734837,-0.055159416,-0.11768656,-0.0026678392,-0.096889004,-0.09739228,-0.10151944,1.588806,-0.034429293,0.90004224,3.3384898,0.47690096,-0.14455555,-0.04873231,-0.1420607,2.1616023,0.427377,-0.14931835,0.10133834,0.8081636,0.10292375,-0.080142014,0.08834885,0.19798407,0.40544608,3.9704666,2.0036564,5.046278
-0.10576006,0.7574706,0.6997227,-0.021059949,-0.0649225,1.4231285,-0.008997604,-0.03529326,0.15535831,-0.12714347,-0.09270016,0.05790504,-0.14226641,-0.046364516,2.5863042,0.8572806,2.2773204,-0.086241454,2.8017209,1.2565947,0.0060323896,-0.0764609,-0.14428936,0.10572279,-0.105065286,-0.020338247,0.022790205,-0.09884201,0.08454612,-0.023398845,-0.06381908,-0.079280615,-0.12254341,1.6151283,-0.07080777,-0.052763008,0.03850765,3.8844433,0.16180062
0.5276194,1.1542093,0.6344417,-0.033356436,-0.10222647,0.15153877,0.14350387,-0.071924105,-0.0963973,0.042487733,0.52150446,0.16484985,-0.084966116,-0.09367886,-0.15123309,-0.10027754,-0.047182195,-0.020954274,1.5513091,-0.10356852,-0.06348719,2.988184,0.98590255,-0.042340048,-0.08226517,0.5732572,-0.1530106,0.1229889,-0.108587466,-0.046036616,0.9953065,-0.032765627,-0.015209629,-0.1271973,0.1384796,-0.10752567,2.6008985,1.71392,0.56792986
-0.09695824,1.9420073,0.19386911,-0.09656059,-0.005824477,0.079582356,-0.006962538,0.15152736,-0.0728229,2.129606,0.42027158,0.80483896,0.5326249,-0.14557153,3.7818167,0.6200524,0.89154893,1.477888,4.2675643,-0.012548082,0.6528559,-0.05735947,-0.048194792,0.040213827,-0.054282624,0.84605116,0.21581881,0.16396539,1.3795425,0.040507976,0.051676456,-0.14777395,0.2507469,0.19604392,-0.15090512,-0.08954044,-0.074833274,3.7826064,1.1703691
0.004165658,2.3584194,-0.014524787,1.0179937,-0.010952717,-0.04460119,2.0773969,0.12521316,-0.096810095,0.07407707,0.71654415,-0.028913895,-0.013596717,-0.036321133,2.5995383,0.7633726,-0.097461246,2.9057343,-0.099657975,0.16878484,-0.15199368,-0.14054118,3.1651108,0.8402432,-0.015016789,-0.1431194,0.44092688,1.2384623,0.072426885,0.79240704,-0.08332081,1.6960642,3.288733,0.3275822,-0.10124132,0.09207892,0.09577614,2.1367884,1.1902661
-0.003760332,1.7737025,-0.14218493,-0.122496,-0.11204156,0.92346305,-0.09056303,-0.034276947,-0.11972108,0.5431954,0.6268915,-0.14403515,-0.12895983,-0.12966377,4.2022796,1.2767882,3.409537,0.44933835,3.2305849,0.87249964,0.015192286,-0.1319449,0.5538181,-0.12855257,-0.09021625,0.4752411,0.05103679,-0.09762009,-0.029338224,-0.011148356,-0.03496923,-0.048037425,0.07011593,1.5964798,0.65325576,-0.021972736,-0.08890463,4.3992085,0.23377743
-0.017555181,0.84235567,0.5574716,-0.06592712,-0.010711874,-0.14656658,-0.13431369,-0.11433513,-0.08024064,-0.09049111,0.37409467,1.1091714,-0.0909475,0.11964633,-0.06451367,-0.08493026,-0.10375176,-0.0023610771,1.9025426,0.43215814,-0.050580323,2.8797135,0.98880106,0.14301763,-0.08275592,-0.08127217,1.0364021,-0.031378407,-0.028951291,-0.04340492,0.42885962,-0.08875139,-0.13417166,-0.07837161,-0.077530146,-0.15401465,0.41238132,2.551595,2.4935336
-0.023582742,2.7324743,-0.063816294,-0.15073447,-0.014887517,1.1642126,1.2463914,0.0802345,-0.14715,4.8912945,0.7688026,0.15922073,-0.033621304,0.042949203,0.07117986,-0.10319107,1.8517163,0.6232726,1.845353,0.28017288,-0.045509327,0.9443555,-0.026870469,0.56621885,-0.07579698,0.83459204,2.587607,0.055808645,4.633941,-0.01465481,-0.051944327,0.09676285,2.5703714,1.072455,-0.013505736,-0.06666642,0.35190505,4.7261076,0.30233964
-0.00035675458,0.8239636,-0.13160531,0.13246219,-0.031161103,0.10922518,-0.026156409,-0.14454873,0.031868793,0.0064567165,0.42179206,-0.11914531,-0.033267733,-0.14932364,0.039342444,0.6679047,-0.0026591131,0.7723301,1.0808764,1.3065989,0.050934423,1.3435162,0.95202386,-0.09739662,0.016123693,0.5572545,0.45323983,0.28506565,4.9630404,0.9667322,0.062203035,-0.04123949,2.332185,1.7578434,-0.016232533,-0.08479834,0.28934893,3.6420565,1.298927
0.49208844,0.53615326,-0.040819325,0.012086619,-0.07076627,0.05428523,-0.122066416,-0.096791886,-0.00694244,-0.145023,-0.012471589,-0.09286695,0.1477328,-0.040096737,0.9529198,-0.115826644,-0.059727028,-0.09103815,-0.051993523,-0.040392715,-0.12639111,-0.07028323,0.14396575,0.08611325,-0.06959676,-0.076432414,-3.268132e-05,-0.06975284,0.30277535,-0.038376633,-0.12509903,-0.0037081905,0.52708787,-0.0808775,-0.013184842,-0.0392419,-0.14495835,0.49922287,0.7003094
0.10022409,0.9102659,0.076006666,-0.0088736005,-0.10888161,-0.08059176,0.14976147,0.016502501,-0.051506024,3.6840847,0.79956865,0.02021675,0.08958268,-0.008100546,1.2395381,-0.14150625,1.013626,2.3677685,1.2683525,1.2512449,-0.04285071,0.20161149,0.5481111,-0.107908435,-0.09106639,0.28632155,1.723642,0.3017907,2.5184999,0.64595866,0.027893905,0.1467444,2.218153,0.07997251,-0.026641462,-0.07673299,-0.14351615,1.9071684,0.15207815
-0.12434587,1.3201919,0.6154028,-0.07706467,-0.12565142,1.574373,-0.12605713,-0.011081803,-0.127954,0.71626514,0.012131738,-0.106660016,-0.12307683,-0.13295124,0.14002207,0.41011062,0.7677491,-0.022258643,1.2922652,2.0800362,-0.112346984,-0.05338898,-0.101062626,-0.03686613,-0.030786036,-0.1156177,-0.06285189,-0.021695346,-0.0067679835,-0.018934995,-0.06852595,-0.072932884,0.5310002,0.86085963,-0.013512193,-0.14832729,-0.003677762,2.5447366,0.14617431
0.01699788,1.1381485,0.084764235,-0.14461741,-0.035906743,1.5027734,-0.04235681,0.27164522,-0.014936485,0.27836353,0.42318106,-0.10917589,-0.09774892,-0.08821774,3.5964751,0.5584907,3.6769564,0.055711366,4.044692,1.1354373,0.07013178,-0.008033921,-0.13743715,-0.06100518,-0.08632001,0.3719967,-0.07260074,-0.097133614,1.9754171,0.12568939,-0.023650909,0.27018717,2.987729,0.32180148,-0.05088091,-0.14427651,-0.12908287,4.743124,0.26121208
-0.14071634,1.5738252,0.29628366,-0.13055207,0.041440774,-0.10867517,-0.14279915,-0.12976848,-0.07946873,-0.08762192,0.03952121,1.7428625,-0.08662774,-0.042019382,-0.13504614,-0.11680971,-0.0192832,-0.007151477,0.43003199,-0.0363502,-0.06540066,2.5047452,-0.08972455,-0.06354832,-0.0534176,0.23176424,0.3061817,-0.050601695,-0.087594226,-0.02610809,0.16075204,-0.036817882,-0.087680586,0.8952314,-0.014237164,-0.14224857,2.077948,2.4481006,0.37253246
-0.12690602,2.527419,0.15104292,0.038167708,0.12150902,-0.14547189,0.01870637,0.11732155,0.041240416,0.54923856,0.27782443,-0.1393896,4.305187,2.3530214,2.6109967,3.9720542,1.2060717,-0.0135310395,1.5258718,0.6432981,-0.15353452,1.7726355,0.9642324,0.34434953,0.1326396,1.8548115,6.3271976,1.236099,0.37901366,0.12883094,-0.12863314,-0.11839694,0.6563229,0.6037841,-0.028586417,0.25022846,-0.011480125,3.794755,2.4551735
-0.0011030782,2.156654,0.09245023,-0.1303295,-0.10447322,1.2884861,0.06872747,0.16655402,-0.059810366,0.12693952,0.5483072,0.045673948,0.0148268035,0.28584713,4.451242,0.010500662,3.2082124,-0.06794399,3.6151316,2.3505259,0.12190032,0.036499143,0.47346976,0.08187134,-0.09920904,0.08168573,0.017025646,-0.1498968,0.18438403,0.89369804,-0.027428338,0.10435468,1.6941693,1.5429504,0.26567027,0.13210715,0.054282628,4.289575,1.0625325
-0.12807289,1.1908989,-0.005839774,-0.09908392,-0.008714591,-0.086582705,-0.02204107,-0.09100252,-0.06361743,-0.072381966,-0.028774707,-0.021613706,-0.11790695,-0.14593537,4.7734017,0.1312408,0.86766744,-0.15304153,3.3631952,0.6868294,0.014242486,-0.018043637,0.6536391,-0.14486432,-0.08986857,-0.029069878,0.24866408,-0.040207125,-0.13198459,0.12511571,-0.09846468,-0.09319496,0.28256536,-0.043278057,0.22005856,-0.058190234,0.6531998,4.1094975,0.7326787
